rank,account_name,priority,confidence,why,flags,fit,intent,neglect,arr_num,account_tier,industry,region,owner,source_names,source_arr
1,Alley Cat Allies,0.6136463225438511,High,"top 30% by revenue ($70,450); strongest signal: content download ×9 this week",,0.8508391608391608,0.9041306984595808,0.29444444444444445,70450.0,Enterprise,Animal Welfare,Europe,Rep C,Alley Cat Allies,"70,450"
2,Education Development Center,0.5966254468588108,High,"top 10% by revenue ($120,000); strongest signal: webinar attendance ×5 8 days before data cutoff",,0.9389510489510489,0.7767861725039804,0.3055555555555556,120000.0,Enterprise,Education,North America,Rep B,Education Development Center,"120,000"
3,American Friends Service Committee,0.5808263986276013,High,"top 10% by revenue ($92,450); strongest signal: webinar attendance ×6 15 days before data cutoff; no rep contact in 255 days",Merged from duplicate CRM records,0.9182377622377622,0.47506380857816305,1.0,92450.0,Strategic,Religious,Africa,Rep A,AFSC | American Friends Service Committee,"77,100 | 92,450"
4,No Kid Hungry,0.5448916083916084,Medium,"$26,850 ARR, Enterprise; strongest signal: content download ×4 14 days before data cutoff; last contacted 90 days ago",ARR missing — imputed median,0.6410489510489511,1.0,0.5,26850.0,Enterprise,Human Services,Europe,Rep C,No Kid Hungry,
5,PATH,0.5102450076925418,High,"top 30% by revenue ($76,250); strongest signal: content download ×11 41 days before data cutoff; last contacted 149 days ago",,0.8697202797202797,0.48334829751509684,0.8277777777777777,76250.0,Enterprise,Healthcare,North America,Rep B,PATH,"76,250"
6,"Save the Children Federation, Inc.",0.4801375696654053,High,"top 10% by revenue ($84,600); strongest signal: webinar attendance ×7 this week",Merged from duplicate CRM records,0.8896503496503496,0.6757511075170081,0.2222222222222222,84600.0,Enterprise,Human Services,North America,Rep A,"Save the Children | Save the Children Federation, Inc.","84,600 | 71,100"
7,Christian Aid,0.46475669434597644,High,"top 30% by revenue ($64,400); strongest signal: page visit ×21 8 days before data cutoff; no rep contact in 764 days",,0.8372027972027971,0.36447194992452203,1.0,64400.0,Enterprise,Religious,North America,Rep D,Christian Aid,"64,400"
8,Cold Spring Harbor Laboratory,0.43948370108379475,High,"top 10% by revenue ($94,250); strongest signal: content download ×7 60 days before data cutoff; no rep contact in 691 days",,0.9224335664335666,0.25205629524238365,1.0,94250.0,Strategic,Research,Asia Pacific,Rep B,Cold Spring Harbor Laboratory,"94,250"
9,Pew Research Center,0.43719120028560965,High,"top 10% by revenue ($96,150); strongest signal: content download ×11 43 days before data cutoff; no rep contact in 841 days",,0.9148251748251748,0.254137000031037,1.0,96150.0,Enterprise,Research,Africa,Rep A,Pew Research Center,"96,150"
10,VolunteerMatch,0.4286804336731267,High,"top 30% by revenue ($58,750); strongest signal: page visit ×29 12 days before data cutoff; last contacted 158 days ago",,0.8364195804195804,0.3559786813343086,0.8777777777777778,58750.0,Strategic,Community Development,North America,Rep C,VolunteerMatch,"58,750"
11,American Society for the Prevention of Cruelty to Animals,0.39950189957669147,High,"top 30% by revenue ($43,900); strongest signal: content download ×6 10 days before data cutoff; no rep contact in 196 days",Merged from duplicate CRM records,0.6641678321678322,0.4307249295982577,1.0,43900.0,Mid-Market,Animal Welfare,North America,Rep A,ASPCA | American Society for the Prevention of Cruelty to Animals,"38,700 | 43,900"
12,Trócaire,0.3985725742412488,High,"top 10% by revenue ($88,300); strongest signal: content download ×12 39 days before data cutoff",,0.9077482517482518,0.472492833186214,0.3611111111111111,88300.0,Strategic,Religious,Asia Pacific,Rep A,Trócaire,"88,300"
13,American Civil Liberties Union,0.3960679749206253,High,"top 10% by revenue ($94,800); strongest signal: email open ×18 17 days before data cutoff; no rep contact in 344 days",,0.9266293706293707,0.182040980961251,1.0,94800.0,Strategic,,North America,Rep C,American Civil Liberties Union,"94,800"
14,Vera Institute of Justice,0.3954960125864254,High,"top 30% by revenue ($43,400); strongest signal: page visit ×16 14 days before data cutoff; no rep contact in 442 days",,0.659972027972028,0.4275168293370414,1.0,43400.0,Mid-Market,,North America,Rep A,Vera Institute of Justice,"43,400"
15,Mercy Corps,0.39278631051744506,High,"top 10% by revenue ($91,500); strongest signal: demo request ×2 61 days before data cutoff; no rep contact in 180 days",,0.9140419580419581,0.18532085044520874,1.0,91500.0,Strategic,Human Services,Africa,Rep D,Mercy Corps,"91,500"
16,Volunteers of America,0.3844987526339358,High,"top 30% by revenue ($80,450); strongest signal: content download ×11 45 days before data cutoff; last contact unknown",Last contact date missing — neglect set to neutral; Last contact date was in the future — treated as missing,0.8909650349650349,0.40221876207204776,0.5,80450.0,Strategic,Human Services,Europe,Rep D,Volunteers of America,"80,450"
17,OneGoal,0.3817834590098119,High,"$32,750 ARR, Mid-Market; strongest signal: content download ×7 this week; last contact unknown",Last contact date missing — neglect set to neutral; Last contact date was in the future — treated as missing,0.6180139860139859,0.6682265812050316,0.5,32750.0,Mid-Market,Education,North America,Rep A,OneGoal,"32,750"
18,Oceana,0.3812738088647779,High,"top 30% by revenue ($56,900); strongest signal: page visit ×12 this week; no rep contact in 560 days",,0.7103216783216783,0.3382316782882241,1.0,56900.0,Mid-Market,,North America,Rep C,Oceana,"56,900"
19,PEN America,0.38102256080851377,High,"$40,000 ARR, Mid-Market; strongest signal: page visit ×23 this week; no rep contact in 472 days",,0.6494825174825174,0.4095080106134982,1.0,40000.0,Mid-Market,Arts & Culture,Middle East,Rep C,PEN America,"40,000"
20,Results for America,0.3783259136855035,High,"top 30% by revenue ($53,300); strongest signal: page visit ×28 10 days before data cutoff; last contacted 100 days ago",,0.6956363636363636,0.5388417065953263,0.5555555555555556,53300.0,Mid-Market,Community Development,North America,Rep B,Results for America,"53,300"
21,International Rescue Committee,0.37778100545996535,High,"top 30% by revenue ($70,450); strongest signal: email open ×36 22 days before data cutoff; last contacted 175 days ago",Merged from duplicate CRM records,0.8668391608391608,0.20592536082622898,0.9722222222222222,70450.0,Strategic,Human Services,Asia Pacific,Rep D,IRC | International Rescue Committee,"53,400 | 70,450"
22,OpenStreetMap Foundation,0.37777821954820484,High,"top 30% by revenue ($48,100); strongest signal: content download ×11 43 days before data cutoff; no rep contact in 653 days",,0.683048951048951,0.36153764041164227,1.0,48100.0,Mid-Market,,Africa,Rep A,OpenStreetMap Foundation,"48,100"
23,Enterprise Community Partners,0.3699309660570883,High,"top 30% by revenue ($40,500); strongest signal: demo request ×1 10 days before data cutoff; no rep contact in 817 days",,0.6536783216783217,0.3798886214668338,1.0,40500.0,Mid-Market,Community Development,Asia Pacific,Rep A,Enterprise Community Partners,"40,500"
24,Solomon R. Guggenheim Foundation,0.36683013965928596,High,"top 30% by revenue ($75,650); strongest signal: page visit ×21 63 days before data cutoff; no rep contact in 187 days",,0.8825734265734266,0.1651956630695574,1.0,75650.0,Strategic,Arts & Culture,North America,Rep B,Solomon R. Guggenheim Foundation,"75,650"
25,RSPCA,0.3613647617779928,High,"$34,450 ARR, Strategic; strongest signal: page visit ×23 21 days before data cutoff",,0.7483076923076923,0.5732037960791491,0.2722222222222222,34450.0,Strategic,Animal Welfare,North America,Rep B,RSPCA,"34,450"
26,Amnesty International,0.35329477043644447,High,"top 30% by revenue ($44,200); strongest signal: page visit ×10 30 days before data cutoff; no rep contact in 953 days",,0.6694125874125874,0.3253833437163148,1.0,44200.0,Mid-Market,,Asia Pacific,Rep D,Amnesty International,"44,200"
27,JA Worldwide,0.3437466187987904,High,"top 30% by revenue ($75,200); strongest signal: page visit ×12 26 days before data cutoff",,0.8804755244755245,0.4624907508607234,0.2222222222222222,75200.0,Strategic,Education,North America,Rep B,JA Worldwide,"75,200"
28,CareerVillage.org,0.3302131301209531,Medium,"$26,850 ARR, Mid-Market; strongest signal: page visit ×18 16 days before data cutoff; last contacted 98 days ago",ARR missing — imputed median,0.5330489510489511,0.6516380039174788,0.5444444444444444,26850.0,Mid-Market,Human Services,North America,Rep B,CareerVillage.org,
29,African Wildlife Foundation,0.32905563965476187,High,"top 10% by revenue ($97,650); strongest signal: email open ×16 18 days before data cutoff; last contacted 156 days ago",,0.9392167832167833,0.1290730099114503,0.8666666666666667,97650.0,Strategic,,North America,Rep D,African Wildlife Foundation,"97,650"
30,Candid,0.3290230503004116,High,"top 30% by revenue ($62,600); strongest signal: demo request ×1 70 days before data cutoff; no rep contact in 900 days",,0.8288111888111889,0.13854558836313174,1.0,62600.0,Enterprise,Community Development,North America,Rep C,Candid,"62,600"
31,HIAS,0.321747477784393,Medium,"$26,850 ARR, Mid-Market; strongest signal: demo request ×2 39 days before data cutoff; no rep contact in 1183 days",ARR missing — imputed median,0.5330489510489511,0.4337119566096344,1.0,26850.0,Mid-Market,Religious,Europe,Rep A,HIAS,
32,Rainforest Alliance,0.3200697164555161,High,"top 30% by revenue ($67,000); strongest signal: page visit ×6 51 days before data cutoff; no rep contact in 702 days",,0.8615944055944056,0.10212195698260314,1.0,67000.0,Strategic,Environment,North America,Rep A,Rainforest Alliance,"67,000"
33,Ashoka,0.319333668966163,High,"top 10% by revenue ($96,300); strongest signal: page visit ×17 76 days before data cutoff; no rep contact in 282 days",,0.916923076923077,0.06895226468841308,1.0,96300.0,Enterprise,Community Development,North America,Rep D,Ashoka,"96,300"
34,National Community Reinvestment Coalition,0.3190468138793026,High,"top 10% by revenue ($84,250); strongest signal: email open ×8 30 days before data cutoff; no rep contact in 824 days",,0.9035524475524477,0.07586100799530623,1.0,84250.0,Strategic,Community Development,Europe,Rep B,National Community Reinvestment Coalition,"84,250"
35,The Mission Continues,0.3189801907061808,High,"top 30% by revenue ($59,950); strongest signal: demo request ×2 36 days before data cutoff; last contacted 94 days ago",,0.8225174825174826,0.330204216212628,0.5222222222222223,59950.0,Enterprise,,North America,Rep A,The Mission Continues,"59,950"
36,Cystic Fibrosis Foundation,0.3183872549085629,High,"$27,100 ARR, Mid-Market; strongest signal: content download ×8 23 days before data cutoff; no rep contact in 214 days",,0.5792027972027971,0.3567129964697853,1.0,27100.0,Mid-Market,Healthcare,North America,Rep B,Cystic Fibrosis Foundation,"27,100"
37,Electronic Frontier Foundation,0.316829928961027,High,"top 10% by revenue ($95,350); strongest signal: page visit ×6 17 days before data cutoff; last contact unknown",Last contact date missing — neglect set to neutral,0.9127272727272728,0.28160632022926824,0.5,95350.0,Enterprise,,Africa,Rep D,Electronic Frontier Foundation,"95,350"
38,Team Rubicon,0.3143489066451164,Medium,"$26,850 ARR, Mid-Market; strongest signal: page visit ×14 this week; last contacted 163 days ago",ARR missing — imputed median,0.5330489510489511,0.4543599731047581,0.9055555555555556,26850.0,Mid-Market,,Europe,Rep D,Team Rubicon,
39,Parkinson's Foundation,0.31060470974343285,High,"$27,500 ARR, Mid-Market; strongest signal: page visit ×11 this week; last contacted 143 days ago",,0.5865454545454545,0.4160227483197005,0.7944444444444444,27500.0,Mid-Market,Healthcare,North America,Rep A,Parkinson's Foundation,"27,500"
40,Caritas Internationalis,0.3103011190067714,High,"top 10% by revenue ($103,550); strongest signal: email open ×4 38 days before data cutoff; no rep contact in 215 days",,0.9337062937062937,0.04618954910947868,1.0,103550.0,Enterprise,Religious,Asia Pacific,Rep A,Caritas Internationalis,"103,550"
41,NeighborWorks America,0.30923807917520796,High,"top 30% by revenue ($55,200); strongest signal: page visit ×14 55 days before data cutoff; no rep contact in 194 days",,0.828027972027972,0.10494760636413009,1.0,55200.0,Strategic,Community Development,North America,Rep B,NeighborWorks America,"55,200"
42,California Community Foundation,0.30440715713523936,High,"top 30% by revenue ($52,950); strongest signal: email open ×45 12 days before data cutoff; no rep contact in 242 days",,0.6914405594405594,0.2003580743317639,1.0,52950.0,Mid-Market,Community Development,North America,Rep C,California Community Foundation,"52,950"
43,Feeding America,0.3000571134958686,High,"top 30% by revenue ($62,050); strongest signal: content download ×3 10 days before data cutoff",,0.8267132867132867,0.4637407323300692,0.12777777777777777,62050.0,Enterprise,Human Services,Middle East,Rep C,Feeding America,"62,050"
44,ChildFund International,0.29894345382990173,High,"top 30% by revenue ($81,150); strongest signal: email open ×23 83 days before data cutoff; no rep contact in 449 days",,0.877062937062937,0.05835152627373115,1.0,81150.0,Enterprise,International Aid,Middle East,Rep A,ChildFund International,"81,150"
45,Humane World for Animals,0.2968846140750943,High,"top 10% by revenue ($94,450); strongest signal: page visit ×14 10 days before data cutoff",,0.9245314685314685,0.2968366565174914,0.37777777777777777,94450.0,Strategic,,North America,Rep B,Humane World for Animals,"94,450"
46,Lutheran World Relief,0.2913801592166199,High,"$27,300 ARR, Mid-Market; strongest signal: content download ×10 23 days before data cutoff",,0.5844475524475524,0.6360331759854159,0.17777777777777778,27300.0,Mid-Market,Religious,North America,Rep D,Lutheran World Relief,"27,300"
47,World Central Kitchen,0.28786457970280194,Medium,"$26,850 ARR, Enterprise; strongest signal: page visit ×22 58 days before data cutoff; no rep contact in 1134 days",ARR missing — imputed median,0.6410489510489511,0.2129320216537685,1.0,26850.0,Enterprise,Human Services,Europe,Rep A,World Central Kitchen,
48,Big Brothers Big Sisters of America,0.28586229258464135,High,"$18,700 ARR, Mid-Market; strongest signal: email open ×50 this week; no rep contact in 217 days",,0.43130069930069925,0.5182730916310052,1.0,18700.0,Mid-Market,Human Services,North America,Rep B,Big Brothers Big Sisters of America,"18,700"
49,Khan Academy,0.28512171937441577,High,"top 30% by revenue ($81,500); strongest signal: email open ×21 19 days before data cutoff; last contacted 131 days ago",,0.8951608391608392,0.14311597196166445,0.7277777777777777,81500.0,Strategic,Education,North America,Rep D,Khan Academy,"81,500"
50,Make-A-Wish International,0.28356752091402976,High,"top 30% by revenue ($70,750); strongest signal: email open ×2 31 days before data cutoff; no rep contact in 813 days",,0.869986013986014,0.03706417008904175,1.0,70750.0,Strategic,,North America,Rep B,Make-A-Wish International,"70,750"
51,National Audubon Society,0.27996298950424015,High,"top 10% by revenue ($82,500); strongest signal: webinar attendance ×6 61 days before data cutoff; last contacted 103 days ago",,0.8854545454545455,0.2064475727798927,0.5722222222222222,82500.0,Enterprise,,Asia Pacific,Rep A,National Audubon Society,"82,500"
52,Accion Opportunity Fund,0.27825259056209717,High,"$35,850 ARR, Mid-Market; strongest signal: content download ×4 45 days before data cutoff; last contacted 140 days ago",,0.6285034965034965,0.2991272703298074,0.7777777777777778,35850.0,Mid-Market,Human Services,Middle East,Rep C,Accion Opportunity Fund,"35,850"
53,Lincoln Center for the Performing Arts,0.276819647171739,High,"top 30% by revenue ($66,150); strongest signal: email open ×16 79 days before data cutoff; no rep contact in 269 days",,0.8594965034965034,0.03153124457269647,1.0,66150.0,Strategic,Arts & Culture,South America,Rep D,Lincoln Center for the Performing Arts,"66,150"
54,Boys & Girls Clubs of America,0.2701248603395501,High,"top 10% by revenue ($98,600); strongest signal: page visit ×32 40 days before data cutoff",,0.9316083916083917,0.36660291635628495,0.1111111111111111,98600.0,Enterprise,Human Services,Europe,Rep A,Boys & Girls Clubs of America,"98,600"
55,Pencils of Promise,0.2683679275695396,High,"$39,950 ARR, Mid-Market; strongest signal: email open ×15 25 days before data cutoff; no rep contact in 1157 days",,0.6473846153846153,0.16363101887629264,1.0,39950.0,Mid-Market,Education,Europe,Rep B,Pencils of Promise,"39,950"
56,Zakat Foundation of America,0.2681841114983373,Medium,"$26,850 ARR, SMB; strongest signal: page visit ×15 this week; no rep contact in 804 days",ARR missing — imputed median; ARR value was not a valid number,0.3890489510489511,0.5561893791633645,1.0,26850.0,SMB,Religious,North America,Rep C,Zakat Foundation of America,
57,Thorn,0.2609160839160839,Medium,"top 30% by revenue ($76,250); no engagement on record; no rep contact in 676 days",No engagement signals found,0.8697202797202797,0.0,1.0,76250.0,Enterprise,,North America,Rep A,Thorn,"76,250"
58,Convoy of Hope,0.2587878343414448,High,"top 10% by revenue ($97,700); strongest signal: content download ×6 46 days before data cutoff",,0.9253146853146854,0.294774503845223,0.24444444444444444,97700.0,Enterprise,Religious,North America,Rep C,Convoy of Hope,"97,700"
59,Semper Fi & America's Fund,0.25791328671328667,Medium,"top 10% by revenue ($96,950); no engagement on record; last contacted 168 days ago",No engagement signals found,0.9211188811188811,0.0,0.9333333333333333,96950.0,Enterprise,,North America,Rep D,Semper Fi & America's Fund,"96,950"
60,Transparency International,0.25721958041958043,Medium,"top 30% by revenue ($65,850); no engagement on record; no rep contact in 183 days",No engagement signals found,0.8573986013986015,0.0,1.0,65850.0,Strategic,,North America,Rep C,Transparency International,"65,850"
61,Center for Constitutional Rights,0.2571398601398601,Medium,"top 30% by revenue ($73,350); no engagement on record; no rep contact in 811 days",No engagement signals found,0.8571328671328671,0.0,1.0,73350.0,Enterprise,,North America,Rep D,Center for Constitutional Rights,"73,350"
62,World Wildlife Fund,0.2550758831071722,High,"top 30% by revenue ($65,000); strongest signal: webinar attendance ×3 this week",Merged from duplicate CRM records,0.7313006993006993,0.4363774345610432,0.14444444444444443,65000.0,Mid-Market,Environment,North America,Rep A,WWF | World Wildlife Fund,"57,550 | 65,000"
63,St. Jude Children's Research Hospital,0.2532141931161506,Medium,"$26,850 ARR, Strategic; strongest signal: email open ×20 23 days before data cutoff; last contacted 141 days ago",ARR missing — imputed median,0.6570489510489511,0.21483002459472064,0.7833333333333333,26850.0,Strategic,Healthcare,North America,Rep D,St. Jude Children's Research Hospital,
64,Natural Resources Defense Council,0.252334944771408,High,"top 30% by revenue ($45,550); strongest signal: email open ×25 32 days before data cutoff; no rep contact in 383 days",Merged from duplicate CRM records,0.6725594405594406,0.1074086956994222,1.0,45550.0,Mid-Market,Environment,Europe,Rep B,NRDC | Natural Resources Defense Council,"34,250 | 45,550"
65,American Cancer Society,0.25079454935673573,High,"$34,800 ARR, Mid-Market; strongest signal: content download ×9 40 days before data cutoff; last contact unknown",Last contact date missing — neglect set to neutral,0.6264055944055944,0.3576726635644307,0.5,34800.0,Mid-Market,Healthcare,Europe,Rep C,American Cancer Society,"34,800"
66,CAMFED,0.24966713286713288,Medium,"top 30% by revenue ($56,000); no engagement on record; no rep contact in 1179 days",No engagement signals found,0.8322237762237763,0.0,1.0,56000.0,Strategic,Education,North America,Rep B,CAMFED,"56,000"
67,Ocean Conservancy,0.24517972027972026,Medium,"top 30% by revenue ($74,450); no engagement on record; last contacted 171 days ago",No engagement signals found,0.8602797202797203,0.0,0.95,74450.0,Enterprise,Environment,North America,Rep C,Ocean Conservancy,"74,450"
68,Breakthrough Collaborative,0.24206531449070467,High,"top 10% by revenue ($109,250); strongest signal: page visit ×23 35 days before data cutoff",,0.9518041958041958,0.30855609031942527,0.12777777777777777,109250.0,Strategic,Education,South America,Rep C,Breakthrough Collaborative,"109,250"
69,Cleveland Foundation,0.24009999033514895,High,"top 30% by revenue ($43,600); strongest signal: page visit ×15 31 days before data cutoff",,0.66206993006993,0.3895007124739157,0.3,43600.0,Mid-Market,Community Development,Asia Pacific,Rep A,Cleveland Foundation,"43,600"
70,RAND Corporation,0.2393755085637271,High,"top 30% by revenue ($47,400); strongest signal: content download ×6 16 days before data cutoff",,0.6788531468531469,0.3894535904801094,0.26666666666666666,47400.0,Mid-Market,Research,South America,Rep C,RAND Corporation,"47,400"
71,Allen Institute,0.23738105292264233,High,"top 30% by revenue ($63,650); strongest signal: webinar attendance ×4 25 days before data cutoff",,0.833006993006993,0.31186027576758757,0.2222222222222222,63650.0,Enterprise,Research,Middle East,Rep A,Allen Institute,"63,650"
72,Goodwill Industries International,0.23012203479660612,Medium,"$26,850 ARR, Mid-Market; strongest signal: page visit ×11 44 days before data cutoff; last contacted 165 days ago",ARR missing — imputed median,0.5330489510489511,0.22387001390441721,0.9166666666666666,26850.0,Mid-Market,Human Services,North America,Rep B,Goodwill Industries International,
73,Film Independent,0.22783814708258077,High,"top 30% by revenue ($61,950); strongest signal: webinar attendance ×2 34 days before data cutoff; last contact unknown",Last contact date missing — neglect set to neutral,0.8406153846153847,0.1729104674850384,0.5,61950.0,Strategic,Arts & Culture,Asia Pacific,Rep B,Film Independent,"61,950"
74,Catholic Relief Services,0.22486344760942312,High,"$38,950 ARR, Mid-Market; strongest signal: page visit ×17 19 days before data cutoff; last contacted 101 days ago",Merged from duplicate CRM records,0.6452867132867133,0.2573389511818712,0.5611111111111111,38950.0,Mid-Market,Religious,South America,Rep D,CRS | Catholic Relief Services,"28,750 | 38,950"
75,Carnegie Hall,0.21737715617715614,Medium,"top 10% by revenue ($81,600); no engagement on record; last contacted 148 days ago",No engagement signals found,0.8812587412587412,0.0,0.8222222222222222,81600.0,Enterprise,Arts & Culture,North America,Rep C,Carnegie Hall,"81,600"
76,New Teacher Center,0.21675979285347086,High,"$29,050 ARR, Mid-Market; strongest signal: webinar attendance ×3 33 days before data cutoff; last contacted 110 days ago",,0.595986013986014,0.25766589859197336,0.6111111111111112,29050.0,Mid-Market,Education,North America,Rep D,New Teacher Center,"29,050"
77,Reading Is Fundamental,0.21539251006745017,High,"$29,350 ARR, Mid-Market; strongest signal: email open ×27 41 days before data cutoff",,0.5991328671328671,0.3135815487525324,0.4666666666666667,29350.0,Mid-Market,Education,Asia Pacific,Rep D,Reading Is Fundamental,"29,350"
78,Creative Capital,0.21505573396822963,Medium,"$26,850 ARR, SMB; strongest signal: demo request ×2 34 days before data cutoff; no rep contact in 683 days",ARR missing — imputed median,0.3890489510489511,0.36110420548217764,1.0,26850.0,SMB,Arts & Culture,South America,Rep D,Creative Capital,
79,FOUR PAWS International,0.21446720113481343,High,"$26,750 ARR, Mid-Market; strongest signal: page visit ×18 26 days before data cutoff; last contacted 97 days ago",,0.490041958041958,0.3942628906767549,0.5388888888888889,26750.0,Mid-Market,Animal Welfare,North America,Rep B,FOUR PAWS International,"26,750"
80,Make-A-Wish America,0.21331606284147261,High,"$19,650 ARR, Mid-Market; strongest signal: page visit ×13 this week; last contact unknown",Last contact date missing — neglect set to neutral,0.43969230769230766,0.4787835691640369,0.5,19650.0,Mid-Market,,Asia Pacific,Rep C,Make-A-Wish America,"19,650"
81,The Carter Center,0.21057902097902095,Medium,"top 30% by revenue ($54,700); no engagement on record; no rep contact in 1318 days",No engagement signals found,0.7019300699300699,0.0,1.0,54700.0,Mid-Market,Healthcare,Europe,Rep B,The Carter Center,"54,700"
82,Search for Common Ground,0.21023858235847814,High,"$26,950 ARR, Mid-Market; strongest signal: page visit ×31 71 days before data cutoff; no rep contact in 306 days",,0.5760559440559441,0.09280298834026511,1.0,26950.0,Mid-Market,International Aid,North America,Rep C,Search for Common Ground,"26,950"
83,National Alliance to End Homelessness,0.20925622092419066,High,"$29,550 ARR, Mid-Market; strongest signal: email open ×18 47 days before data cutoff; no rep contact in 970 days",,0.6012307692307692,0.06863775259805503,1.0,29550.0,Mid-Market,Human Services,Asia Pacific,Rep C,National Alliance to End Homelessness,"29,550"
84,Aga Khan Foundation USA,0.2064349202527471,High,"$22,750 ARR, TBD; strongest signal: content download ×4 this week; last contacted 137 days ago",Account tier missing or TBD — default weight applied,0.39286713286713293,0.4244628726409034,0.7611111111111111,22750.0,TBD,Religious,North America,Rep C,Aga Khan Foundation USA,"22,750"
85,GlobalGiving,0.2060078870504856,High,"top 30% by revenue ($53,050); strongest signal: page visit ×19 65 days before data cutoff; last contacted 107 days ago",,0.6935384615384615,0.16957935072933508,0.5944444444444444,53050.0,Mid-Market,Community Development,Asia Pacific,Rep A,GlobalGiving,"53,050"
86,American Red Cross,0.20573134160700474,Medium,"$26,850 ARR, Strategic; strongest signal: email open ×38 47 days before data cutoff; last contacted 152 days ago",ARR missing — imputed median,0.6570489510489511,0.0854012053481091,0.8444444444444444,26850.0,Strategic,Human Services,North America,Rep D,American Red Cross,
87,Reach Out and Read,0.2054585216900908,High,"top 10% by revenue ($91,300); strongest signal: page visit ×16 23 days before data cutoff",,0.8959440559440559,0.22998195815325276,0.22777777777777777,91300.0,Enterprise,Education,Middle East,Rep C,Reach Out and Read,"91,300"
88,Free Software Foundation,0.20418287577746252,Medium,"$26,850 ARR, Strategic; strongest signal: email open ×25 44 days before data cutoff; last contacted 119 days ago",ARR missing — imputed median,0.6570489510489511,0.1606059227503444,0.6611111111111111,26850.0,Strategic,,North America,Rep D,Free Software Foundation,
89,American Alliance of Museums,0.19873857778732462,High,"$29,800 ARR, Mid-Market; strongest signal: webinar attendance ×5 57 days before data cutoff; last contact unknown",Last contact date missing — neglect set to neutral,0.6054265734265734,0.25466009424564096,0.5,29800.0,Mid-Market,Arts & Culture,Europe,Rep B,American Alliance of Museums,"29,800"
90,International Crisis Group,0.1979888288405368,High,"$21,850 ARR, Mid-Market; strongest signal: content download ×11 56 days before data cutoff; last contacted 130 days ago",,0.4564755244755244,0.3100957952356901,0.7222222222222222,21850.0,Mid-Market,,North America,Rep A,International Crisis Group,"21,850"
91,SOS Children's Villages International,0.19736223776223774,Medium,"top 30% by revenue ($42,550); no engagement on record; no rep contact in 316 days",No engagement signals found,0.6578741258741259,0.0,1.0,42550.0,Mid-Market,International Aid,North America,Rep D,SOS Children's Villages International,"42,550"
92,Sightsavers,0.19711468531468532,Low,"$26,850 ARR, Strategic; no engagement on record; no rep contact in 1039 days",ARR missing — imputed median; No engagement signals found,0.6570489510489511,0.0,1.0,26850.0,Strategic,Healthcare,Middle East,Rep B,Sightsavers,
93,City Year,0.1965305361305361,Medium,"top 10% by revenue ($91,600); no engagement on record; last contacted 131 days ago",No engagement signals found,0.90013986013986,0.0,0.7277777777777777,91600.0,Enterprise,Human Services,North America,Rep B,City Year,"91,600"
94,Jewish Federations of North America,0.19324687885529393,High,"$27,150 ARR, Mid-Market; strongest signal: email open ×5 39 days before data cutoff; last contacted 178 days ago",,0.5823496503496504,0.05024754762088367,0.9888888888888889,27150.0,Mid-Market,Religious,North America,Rep A,Jewish Federations of North America,"27,150"
95,Children's Miracle Network Hospitals,0.19231468531468532,Low,"$26,850 ARR, Enterprise; no engagement on record; no rep contact in 1199 days",ARR missing — imputed median; No engagement signals found,0.6410489510489511,0.0,1.0,26850.0,Enterprise,,North America,Rep D,Children's Miracle Network Hospitals,
96,Family Promise,0.18936123371078636,High,"top 30% by revenue ($44,000); strongest signal: content download ×4 10 days before data cutoff",Account tier missing or TBD — default weight applied,0.5942657342657343,0.35282962524474865,0.2388888888888889,44000.0,TBD,Human Services,Africa,Rep A,Family Promise,"44,000"
97,Educate Girls,0.18603356643356642,Medium,"$33,100 ARR, Mid-Market; no engagement on record; no rep contact in 403 days",No engagement signals found,0.6201118881118881,0.0,1.0,33100.0,Mid-Market,Education,North America,Rep C,Educate Girls,"33,100"
98,Plan International,0.1859617478576743,Medium,"$26,850 ARR, Mid-Market; strongest signal: email open ×11 10 days before data cutoff",ARR missing — imputed median; ARR value was not a valid number,0.5330489510489511,0.30552042504521176,0.45,26850.0,Mid-Market,International Aid,North America,Rep C,Plan International,
99,350.org,0.18569947563843237,Medium,"$26,850 ARR, SMB; strongest signal: webinar attendance ×4 34 days before data cutoff; no rep contact in 1180 days",ARR missing — imputed median,0.3890489510489511,0.2533092563205394,1.0,26850.0,SMB,Environment,North America,Rep C,350.org,
100,The Leukemia & Lymphoma Society,0.18418190239195348,High,"$24,200 ARR, Mid-Market; strongest signal: email open ×37 21 days before data cutoff; last contact unknown",Last contact date missing — neglect set to neutral,0.4753566433566433,0.33922922464334787,0.5,24200.0,Mid-Market,Healthcare,Asia Pacific,Rep C,The Leukemia & Lymphoma Society,"24,200"
101,Freedom House,0.18260361470341085,High,"$31,450 ARR, Mid-Market; strongest signal: webinar attendance ×3 73 days before data cutoff; last contacted 133 days ago",,0.6117202797202796,0.10977384113935608,0.7388888888888889,31450.0,Mid-Market,,Europe,Rep A,Freedom House,"31,450"
102,Americans for the Arts,0.18095098119531677,High,"$25,300 ARR, Mid-Market; strongest signal: content download ×10 37 days before data cutoff",,0.4858461538461538,0.3558738401804453,0.4111111111111111,25300.0,Mid-Market,Arts & Culture,North America,Rep B,Americans for the Arts,"25,300"
103,BirdLife International,0.1801381209183595,High,"$21,900 ARR, Mid-Market; strongest signal: email open ×35 27 days before data cutoff; no rep contact in 945 days",,0.45857342657342653,0.13260407316538744,1.0,21900.0,Mid-Market,Environment,Asia Pacific,Rep B,BirdLife International,"21,900"
104,American Foundation for Suicide Prevention,0.17939480332093574,High,"top 30% by revenue ($45,950); strongest signal: content download ×10 60 days before data cutoff; last contact unknown",Last contact date missing — neglect set to neutral,0.6746573426573427,0.16557866167890478,0.5,45950.0,Mid-Market,,Africa,Rep B,American Foundation for Suicide Prevention,"45,950"
105,Greenpeace International,0.1782737369162897,High,"$29,600 ARR, Mid-Market; strongest signal: page visit ×16 81 days before data cutoff; last contacted 152 days ago",,0.6033286713286713,0.06021468828217022,0.8444444444444444,29600.0,Mid-Market,Environment,South America,Rep B,Greenpeace International,"29,600"
106,Church World Service,0.17717689037228093,High,"$25,650 ARR, untiered; strongest signal: webinar attendance ×3 47 days before data cutoff; no rep contact in 320 days",Account tier missing or TBD — default weight applied,0.415944055944056,0.17994752913911455,1.0,25650.0,,Religious,Europe,Rep C,Church World Service,"25,650"
107,Heifer International,0.17691218616226229,High,"$18,550 ARR, SMB; strongest signal: webinar attendance ×5 30 days before data cutoff; no rep contact in 842 days",,0.2852027972027972,0.45757589184846675,1.0,18550.0,SMB,Human Services,North America,Rep D,Heifer International,"18,550"
108,Helen Keller Intl,0.17507588863457388,High,"$40,100 ARR, Mid-Market; strongest signal: demo request ×1 31 days before data cutoff",,0.6515804195804196,0.233848877006097,0.35,40100.0,Mid-Market,Healthcare,Europe,Rep D,Helen Keller Intl,"40,100"
109,Year Up United,0.17242231282374948,High,"top 30% by revenue ($64,200); strongest signal: content download ×6 88 days before data cutoff; last contacted 92 days ago",,0.8511048951048952,0.07036158440650503,0.5111111111111111,64200.0,Strategic,Education,Africa,Rep C,Year Up United,"64,200"
110,Planned Parenthood Federation of America,0.16851264530778948,Medium,"$26,850 ARR, SMB; strongest signal: page visit ×10 24 days before data cutoff; no rep contact in 536 days",ARR missing — imputed median,0.3890489510489511,0.19019993629316848,1.0,26850.0,SMB,Healthcare,North America,Rep A,Planned Parenthood Federation of America,
111,Animal Welfare Institute,0.1675804195804196,Medium,"$36,250 ARR, untiered; no engagement on record; no rep contact in 329 days",Account tier missing or TBD — default weight applied; No engagement signals found,0.5586013986013987,0.0,1.0,36250.0,,Animal Welfare,North America,Rep D,Animal Welfare Institute,"36,250"
112,Adventist Development and Relief Agency,0.16596002965134107,High,"$15,250 ARR, SMB; strongest signal: page visit ×24 26 days before data cutoff; no rep contact in 1181 days",,0.260027972027972,0.48319877367153985,1.0,15250.0,SMB,Religious,Africa,Rep C,Adventist Development and Relief Agency,"15,250"
113,One Acre Fund,0.16588613053613052,Medium,"$38,450 ARR, Mid-Market; no engagement on record; last contacted 155 days ago",No engagement signals found,0.64213986013986,0.0,0.8611111111111112,38450.0,Mid-Market,,North America,Rep B,One Acre Fund,"38,450"
114,Silicon Valley Community Foundation,0.1640060839160839,Medium,"top 30% by revenue ($44,200); no engagement on record; last contacted 147 days ago",No engagement signals found,0.6694125874125874,0.0,0.8166666666666667,44200.0,Mid-Market,Community Development,Africa,Rep C,Silicon Valley Community Foundation,"44,200"
115,Alzheimer's Association,0.16358875327682315,High,"top 30% by revenue ($77,500); strongest signal: content download ×12 54 days before data cutoff",,0.8728671328671329,0.20345058848840283,0.15,77500.0,Enterprise,Healthcare,North America,Rep C,Alzheimer's Association,"77,500"
116,Mozilla Foundation,0.16023762719408463,Medium,"$26,850 ARR, Mid-Market; strongest signal: content download ×3 30 days before data cutoff",ARR missing — imputed median,0.5330489510489511,0.3032464367629987,0.29444444444444445,26850.0,Mid-Market,,Europe,Rep B,Mozilla Foundation,
117,Seattle Foundation,0.16018169756043515,High,"top 30% by revenue ($51,900); strongest signal: page visit ×34 57 days before data cutoff",Account tier missing or TBD — default weight applied,0.6152447552447553,0.24574442380533826,0.29444444444444445,51900.0,,Community Development,Europe,Rep B,Seattle Foundation,"51,900"
118,First Book,0.15991468531468533,Low,"$26,850 ARR, Mid-Market; no engagement on record; no rep contact in 1079 days",ARR missing — imputed median; No engagement signals found,0.5330489510489511,0.0,1.0,26850.0,Mid-Market,Education,North America,Rep A,First Book,
119,Sundance Institute,0.15905434079951558,Medium,"$26,850 ARR, Mid-Market; strongest signal: page visit ×33 36 days before data cutoff; last contact unknown",ARR missing — imputed median; Last contact date missing — neglect set to neutral,0.5330489510489511,0.21197999059808478,0.5,26850.0,Mid-Market,Arts & Culture,North America,Rep C,Sundance Institute,
120,Cary Institute of Ecosystem Studies,0.15796363595727306,High,"top 30% by revenue ($73,350); strongest signal: page visit ×21 70 days before data cutoff",,0.8571328671328671,0.08470436650648669,0.4166666666666667,73350.0,Enterprise,Research,North America,Rep A,Cary Institute of Ecosystem Studies,"73,350"
121,Direct Relief,0.15753193473193472,Medium,"top 10% by revenue ($81,950); no engagement on record; last contacted 107 days ago",No engagement signals found,0.8833566433566433,0.0,0.5944444444444444,81950.0,Enterprise,Healthcare,Europe,Rep A,Direct Relief,"81,950"
122,Dress for Success Worldwide,0.15604069360302186,High,"top 30% by revenue ($50,850); strongest signal: email open ×36 35 days before data cutoff; last contact unknown",Last contact date missing — neglect set to neutral,0.6851468531468531,0.11106829639375428,0.5,50850.0,Mid-Market,Human Services,North America,Rep C,Dress for Success Worldwide,"50,850"
123,Surfrider Foundation,0.15541114278606696,Medium,"$26,850 ARR, Mid-Market; strongest signal: page visit ×8 90 days before data cutoff; last contacted 159 days ago",ARR missing — imputed median,0.5330489510489511,0.03793050399765312,0.8833333333333333,26850.0,Mid-Market,,North America,Rep A,Surfrider Foundation,
124,The Museum of Modern Art,0.15278316972992406,High,"top 30% by revenue ($75,000); strongest signal: webinar attendance ×6 69 days before data cutoff",,0.8623776223776223,0.13642625385809057,0.2722222222222222,75000.0,Enterprise,Arts & Culture,South America,Rep A,The Museum of Modern Art,"75,000"
125,Barefoot College International,0.15254108591897822,High,"top 10% by revenue ($98,400); strongest signal: content download ×4 51 days before data cutoff",,0.9295104895104895,0.13682245625453787,0.22777777777777777,98400.0,Enterprise,Education,North America,Rep D,Barefoot College International,"98,400"
126,Digital Promise,0.15036805301406295,High,"top 10% by revenue ($97,750); strongest signal: page visit ×9 59 days before data cutoff",,0.9274125874125874,0.14114833912515176,0.2111111111111111,97750.0,Enterprise,Education,Asia Pacific,Rep B,Digital Promise,"97,750"
127,The Boston Foundation,0.14882113303731928,High,"$37,000 ARR, Mid-Market; strongest signal: page visit ×24 36 days before data cutoff",,0.6368951048951048,0.2576189957158228,0.17777777777777778,37000.0,Mid-Market,Community Development,North America,Rep B,The Boston Foundation,"37,000"
128,Depaul USA,0.14787617269329284,High,"$10,350 ARR, SMB; strongest signal: webinar attendance ×5 this week; last contacted 151 days ago",,0.21597202797202797,0.6186198753773356,0.8388888888888889,10350.0,SMB,Human Services,South America,Rep B,Depaul USA,"10,350"
129,The Chicago Community Trust,0.14381211878849773,High,"$12,400 ARR, SMB; strongest signal: page visit ×14 this week; last contact unknown",Last contact date missing — neglect set to neutral,0.23590209790209793,0.6566089738523734,0.5,12400.0,SMB,Community Development,South America,Rep C,The Chicago Community Trust,"12,400"
130,FHI 360,0.14323636363636363,Medium,"$24,750 ARR, Mid-Market; no engagement on record; no rep contact in 384 days",No engagement signals found,0.47745454545454546,0.0,1.0,24750.0,Mid-Market,International Aid,Europe,Rep A,FHI 360,"24,750"
131,United Way Worldwide,0.14158409927452967,High,"$15,650 ARR, SMB; strongest signal: page visit ×13 16 days before data cutoff; no rep contact in 1291 days",,0.26422377622377624,0.3369274294583399,1.0,15650.0,SMB,Human Services,Middle East,Rep B,United Way Worldwide,"15,650"
132,Southern Poverty Law Center,0.14089520616306603,High,"$22,500 ARR, Mid-Market; strongest signal: page visit ×16 33 days before data cutoff; last contacted 99 days ago",,0.46276923076923077,0.19923007221691164,0.55,22500.0,Mid-Market,,North America,Rep B,Southern Poverty Law Center,"22,500"
133,Citizen Schools,0.14048458731477767,High,"$28,150 ARR, Mid-Market; strongest signal: webinar attendance ×4 64 days before data cutoff; last contact unknown",Last contact date missing — neglect set to neutral; Last contact date was in the future — treated as missing,0.5886433566433567,0.1266546281602697,0.5,28150.0,Mid-Market,Education,South America,Rep D,Citizen Schools,"28,150"
134,CMMB,0.1399727624290777,Medium,"$26,850 ARR, Mid-Market; strongest signal: email open ×24 14 days before data cutoff; last contact unknown",ARR missing — imputed median; Last contact date missing — neglect set to neutral,0.5330489510489511,0.16084135198260263,0.5,26850.0,Mid-Market,Religious,Middle East,Rep A,CMMB,
135,American Kidney Fund,0.13790525456271463,Medium,"$26,850 ARR, Mid-Market; strongest signal: email open ×26 46 days before data cutoff; last contacted 104 days ago",ARR missing — imputed median,0.5330489510489511,0.12196709663747138,0.5777777777777777,26850.0,Mid-Market,Healthcare,Africa,Rep A,American Kidney Fund,
136,Apache Software Foundation,0.13718600358785135,High,"$19,400 ARR, SMB; strongest signal: webinar attendance ×2 8 days before data cutoff; last contacted 152 days ago",,0.2893986013986014,0.31529272342644765,0.8444444444444444,19400.0,SMB,,North America,Rep A,Apache Software Foundation,"19,400"
137,Teach For America,0.13672378272458818,Medium,"$26,850 ARR, SMB; strongest signal: email open ×7 29 days before data cutoff; no rep contact in 325 days",ARR missing — imputed median,0.3890489510489511,0.07347256635500668,1.0,26850.0,SMB,Education,Asia Pacific,Rep B,Teach For America,
138,NAACP,0.13550545454545457,Medium,"top 30% by revenue ($63,100); no engagement on record; last contacted 96 days ago",No engagement signals found,0.846909090909091,0.0,0.5333333333333333,63100.0,Strategic,,North America,Rep D,NAACP,"63,100"
139,Operation Blessing,0.1346708925751334,Medium,"$26,850 ARR, SMB; strongest signal: email open ×13 44 days before data cutoff; no rep contact in 588 days",ARR missing — imputed median,0.3890489510489511,0.06593443984007918,1.0,26850.0,SMB,Religious,North America,Rep C,Operation Blessing,
140,Environmental Defense Fund,0.13145314685314682,Medium,"top 10% by revenue ($120,000); no engagement on record",No engagement signals found; Merged from duplicate CRM records,0.9389510489510489,0.0,0.4666666666666667,120000.0,Enterprise,Environment,North America,Rep C,EDF | Environmental Defense Fund,"120,000 | 95,150"
141,The Nature Conservancy,0.1281461280052357,Medium,"$26,850 ARR, Mid-Market; strongest signal: content download ×9 69 days before data cutoff; last contact unknown",ARR missing — imputed median; Last contact date missing — neglect set to neutral,0.5330489510489511,0.12914596640720083,0.5,26850.0,Mid-Market,Environment,Europe,Rep D,The Nature Conservancy,
142,United Cerebral Palsy,0.12790629816792018,High,"$36,300 ARR, TBD; strongest signal: email open ×37 146 days before data cutoff; last contacted 133 days ago",Account tier missing or TBD — default weight applied,0.5617482517482517,0.00860943793777902,0.7388888888888889,36300.0,TBD,Human Services,Middle East,Rep D,United Cerebral Palsy,"36,300"
143,Smile Train,0.12726065373334422,High,"$9,450 ARR, SMB; strongest signal: page visit ×11 23 days before data cutoff; no rep contact in 225 days",,0.1907972027972028,0.5242776239275884,1.0,9450.0,SMB,,Middle East,Rep B,Smile Train,"9,450"
144,Scholarship America,0.1271413752913753,Low,"$26,850 ARR, Enterprise; no engagement on record; last contacted 119 days ago",ARR missing — imputed median; No engagement signals found,0.6410489510489511,0.0,0.6611111111111111,26850.0,Enterprise,Education,Asia Pacific,Rep A,Scholarship America,
145,NPR,0.12559409555346135,High,"$38,450 ARR, Mid-Market; strongest signal: email open ×44 31 days before data cutoff",,0.64213986013986,0.1865526051467679,0.21666666666666667,38450.0,Mid-Market,Arts & Culture,North America,Rep D,NPR,"38,450"
146,Coalition for the Homeless,0.1254205314539119,High,"$17,350 ARR, SMB; strongest signal: content download ×8 86 days before data cutoff; no rep contact in 395 days",,0.27995804195804197,0.21142514569435275,1.0,17350.0,SMB,Human Services,Asia Pacific,Rep B,Coalition for the Homeless,"17,350"
147,Ronald McDonald House Charities,0.12516621392647506,High,"$33,450 ARR, Mid-Market; strongest signal: email open ×22 47 days before data cutoff; last contacted 90 days ago",,0.6222097902097902,0.07309143704058137,0.5,33450.0,Mid-Market,Healthcare,North America,Rep D,Ronald McDonald House Charities,"33,450"
148,International Fund for Animal Welfare,0.12326740094815714,High,"top 30% by revenue ($55,600); strongest signal: email open ×16 9 days before data cutoff",Merged from duplicate CRM records,0.706125874125874,0.15890751506609505,0.2111111111111111,55600.0,Mid-Market,Animal Welfare,Asia Pacific,Rep C,IFAW | International Fund for Animal Welfare,"45,900 | 55,600"
149,Oxfam International,0.1227630721693281,High,"$21,200 ARR, Mid-Market; strongest signal: content download ×2 23 days before data cutoff",,0.44808391608391607,0.3104381847199439,0.18888888888888888,21200.0,Mid-Market,Human Services,North America,Rep D,Oxfam International,"21,200"
150,Creative Commons,0.1196013986013986,Medium,"top 30% by revenue ($52,250); no engagement on record; last contact unknown",Last contact date missing — neglect set to neutral; No engagement signals found,0.7973426573426573,0.0,0.5,52250.0,Enterprise,,North America,Rep A,Creative Commons,"52,250"
151,KIPP Foundation,0.11671468531468532,Low,"$26,850 ARR, SMB; no engagement on record; no rep contact in 886 days",ARR missing — imputed median; No engagement signals found,0.3890489510489511,0.0,1.0,26850.0,SMB,Education,North America,Rep B,KIPP Foundation,
152,Compassion International,0.11435099985824095,High,"$31,600 ARR, Mid-Market; strongest signal: email open ×43 70 days before data cutoff; last contact unknown",Last contact date missing — neglect set to neutral,0.6138181818181818,0.05184939878991418,0.5,31600.0,Mid-Market,Religious,South America,Rep B,Compassion International,"31,600"
153,The Salvation Army USA,0.11252568109055809,Medium,"$26,850 ARR, Strategic; strongest signal: page visit ×29 42 days before data cutoff",ARR missing — imputed median,0.6570489510489511,0.17798934066715433,0.15555555555555556,26850.0,Strategic,,North America,Rep B,The Salvation Army USA,
154,Learning Ally,0.11063590396797122,High,"$11,150 ARR, SMB; strongest signal: email open ×21 16 days before data cutoff; no rep contact in 494 days",,0.2264615384615385,0.2693452793010606,1.0,11150.0,SMB,Education,North America,Rep B,Learning Ally,"11,150"
155,Points of Light,0.1095544289044289,Medium,"$21,800 ARR, Mid-Market; no engagement on record; last contacted 145 days ago",No engagement signals found,0.45332867132867133,0.0,0.8055555555555556,21800.0,Mid-Market,Community Development,Europe,Rep C,Points of Light,"21,800"
156,Easterseals,0.10882563927003813,High,"$20,900 ARR, SMB; strongest signal: email open ×26 42 days before data cutoff; no rep contact in 1221 days",,0.301986013986014,0.08623783992799756,1.0,20900.0,SMB,Human Services,Asia Pacific,Rep A,Easterseals,"20,900"
157,Teach For All,0.10857435700649298,High,"$10,750 ARR, SMB; strongest signal: webinar attendance ×5 36 days before data cutoff; no rep contact in 448 days",,0.22226573426573426,0.2692699404879588,1.0,10750.0,SMB,Education,Europe,Rep D,Teach For All,"10,750"
158,College Possible,0.10601715617715615,Medium,"top 30% by revenue ($41,250); no engagement on record; last contacted 97 days ago",No engagement signals found,0.6557762237762237,0.0,0.5388888888888889,41250.0,Mid-Market,Education,Africa,Rep C,College Possible,"41,250"
159,Clean Air Task Force,0.10546264406211982,High,"$14,700 ARR, SMB; strongest signal: page visit ×11 31 days before data cutoff; no rep contact in 447 days",,0.2526853146853147,0.1676678909805223,1.0,14700.0,SMB,,Africa,Rep B,Clean Air Task Force,"14,700"
160,Innocence Project,0.10217272433460049,Medium,"$26,850 ARR, Strategic; strongest signal: content download ×7 67 days before data cutoff",ARR missing — imputed median,0.6570489510489511,0.12214636296229425,0.23333333333333334,26850.0,Strategic,,North America,Rep D,Innocence Project,
161,March of Dimes,0.1018544021830106,Medium,"$26,850 ARR, Enterprise; strongest signal: page visit ×10 68 days before data cutoff",ARR missing — imputed median,0.6410489510489511,0.08412441384734867,0.3333333333333333,26850.0,Enterprise,Healthcare,North America,Rep A,March of Dimes,
162,Water.org,0.10173757007484378,Medium,"$26,850 ARR, Mid-Market; strongest signal: email open ×12 89 days before data cutoff; last contacted 105 days ago",ARR missing — imputed median,0.5330489510489511,0.022656733561151967,0.5833333333333334,26850.0,Mid-Market,Human Services,North America,Rep C,Water.org,
163,Islamic Relief Worldwide,0.10071935543917074,High,"$16,250 ARR, SMB; strongest signal: demo request ×2 61 days before data cutoff; last contacted 125 days ago",,0.26946853146853145,0.2363386382762069,0.6944444444444444,16250.0,SMB,Religious,Asia Pacific,Rep B,Islamic Relief Worldwide,"16,250"
164,Fractured Atlas,0.10024777031506704,High,"$16,450 ARR, SMB; strongest signal: email open ×37 this week",,0.2747132867132867,0.3427397251899933,0.4166666666666667,16450.0,SMB,Arts & Culture,Africa,Rep B,Fractured Atlas,"16,450"
165,Girls Who Code,0.09830914909402663,High,"$6,300 ARR, SMB; strongest signal: content download ×8 22 days before data cutoff; no rep contact in 269 days",,0.15723076923076923,0.4646484052434626,1.0,6300.0,SMB,Education,Africa,Rep D,Girls Who Code,"6,300"
166,Facing History & Ourselves,0.09814825174825174,Medium,"$24,000 ARR, SMB; no engagement on record; no rep contact in 900 days",No engagement signals found,0.32716083916083916,0.0,1.0,24000.0,SMB,Education,North America,Rep D,Facing History & Ourselves,"24,000"
167,Médecins Sans Frontières USA,0.09705025641025643,Medium,"top 10% by revenue ($90,600); no engagement on record",No engagement signals found; Merged from duplicate CRM records,0.909846153846154,0.0,0.35555555555555557,90600.0,Strategic,Healthcare,Europe,Rep B,Doctors Without Borders | Médecins Sans Frontières USA,"90,600 | 78,050"
168,Shriners Children's,0.09696023241342885,High,"$14,200 ARR, SMB; strongest signal: content download ×10 39 days before data cutoff; last contacted 92 days ago",,0.24953846153846154,0.33603562094470746,0.5111111111111111,14200.0,SMB,Healthcare,Europe,Rep C,Shriners Children's,"14,200"
169,American Diabetes Association,0.0966211581364636,High,"$9,650 ARR, SMB; strongest signal: page visit ×15 27 days before data cutoff; no rep contact in 427 days",,0.20023776223776224,0.260760215803106,1.0,9650.0,SMB,Healthcare,North America,Rep B,American Diabetes Association,"9,650"
170,RTI International,0.09560280415215083,Medium,"$26,850 ARR, SMB; strongest signal: email open ×23 22 days before data cutoff; last contacted 92 days ago",ARR missing — imputed median,0.3890489510489511,0.13200186748830114,0.5111111111111111,26850.0,SMB,Research,Europe,Rep C,RTI International,
171,Friends of the Earth,0.09549451560489629,High,"$9,950 ARR, SMB; strongest signal: page visit ×6 23 days before data cutoff; no rep contact in 193 days",,0.20758041958041956,0.2286231991982295,1.0,9950.0,SMB,,North America,Rep D,Friends of the Earth,"9,950"
172,Tearfund,0.09386013986013986,Medium,"top 30% by revenue ($54,050); no engagement on record; last contacted 90 days ago",Account tier missing or TBD — default weight applied; No engagement signals found,0.6257342657342657,0.0,0.5,54050.0,,Religious,Asia Pacific,Rep C,Tearfund,"54,050"
173,Python Software Foundation,0.09307341585347516,High,"$11,200 ARR, SMB; strongest signal: content download ×7 66 days before data cutoff; no rep contact in 1144 days",,0.22960839160839164,0.15051029277347286,1.0,11200.0,SMB,,North America,Rep B,Python Software Foundation,"11,200"
174,The Akanksha Foundation,0.09279860139860141,Medium,"$21,800 ARR, SMB; no engagement on record; no rep contact in 358 days",No engagement signals found,0.30932867132867137,0.0,1.0,21800.0,SMB,Education,Asia Pacific,Rep A,The Akanksha Foundation,"21,800"
175,Dogs Trust,0.09267018805908489,High,"$10,150 ARR, SMB; strongest signal: page visit ×11 55 days before data cutoff; no rep contact in 186 days",,0.20967832167832168,0.20280515762926607,1.0,10150.0,SMB,,North America,Rep D,Dogs Trust,"10,150"
176,Food Bank For New York City,0.09134274760282388,Medium,"$26,850 ARR, Enterprise; strongest signal: webinar attendance ×4 78 days before data cutoff",ARR missing — imputed median,0.6410489510489511,0.09165167355790409,0.2611111111111111,26850.0,Enterprise,Human Services,Europe,Rep B,Food Bank For New York City,
177,BRAC,0.0912319738662227,High,"$15,450 ARR, SMB; strongest signal: email open ×18 47 days before data cutoff; no rep contact in 277 days",,0.2621258741258741,0.06863775259805503,1.0,15450.0,SMB,Human Services,North America,Rep C,BRAC,"15,450"
178,The Arc,0.09106752836925923,High,"$14,950 ARR, SMB; strongest signal: page visit ×23 76 days before data cutoff; no rep contact in 478 days",,0.25793006993006995,0.07581516402017408,1.0,14950.0,SMB,Human Services,North America,Rep A,The Arc,"14,950"
179,Pact,0.09044529744932646,High,"top 30% by revenue ($46,250); strongest signal: content download ×1 14 days before data cutoff",,0.6767552447552447,0.13854119973547682,0.12222222222222222,46250.0,Mid-Market,International Aid,North America,Rep B,Pact,"46,250"
180,Sierra Club,0.0897397273217442,High,"$9,200 ARR, SMB; strongest signal: page visit ×13 9 days before data cutoff",,0.18765034965034966,0.5879453397968509,0.2222222222222222,9200.0,SMB,Environment,South America,Rep A,Sierra Club,"9,200"
181,Jumpstart,0.08744895104895105,Medium,"$19,550 ARR, SMB; no engagement on record; no rep contact in 846 days",No engagement signals found,0.2914965034965035,0.0,1.0,19550.0,SMB,Education,North America,Rep C,Jumpstart,"19,550"
182,One Warm Coat,0.08342447611607898,High,"$30,750 ARR, Mid-Market; strongest signal: page visit ×13 80 days before data cutoff",,0.6096223776223776,0.05739926374339533,0.32222222222222224,30750.0,Mid-Market,Human Services,South America,Rep A,One Warm Coat,"30,750"
183,RAINN,0.08304335664335664,Medium,"$16,850 ARR, SMB; no engagement on record; no rep contact in 229 days",No engagement signals found,0.2768111888111888,0.0,1.0,16850.0,SMB,,Africa,Rep C,RAINN,"16,850"
184,Open Knowledge Foundation,0.08151719672555563,High,"$28,550 ARR, Mid-Market; strongest signal: content download ×11 76 days before data cutoff",,0.5907412587412587,0.1185591026995741,0.18333333333333332,28550.0,Mid-Market,,North America,Rep A,Open Knowledge Foundation,"28,550"
185,Whitney Museum of American Art,0.0812284835674093,Medium,"$26,850 ARR, Mid-Market; strongest signal: webinar attendance ×1 29 days before data cutoff",ARR missing — imputed median,0.5330489510489511,0.12245427725834448,0.2222222222222222,26850.0,Mid-Market,Arts & Culture,North America,Rep A,Whitney Museum of American Art,
186,Acumen,0.07595364785370835,High,"$11,350 ARR, SMB; strongest signal: email open ×27 86 days before data cutoff; no rep contact in 234 days",,0.23275524475524473,0.03760586996241416,1.0,11350.0,SMB,Community Development,North America,Rep A,Acumen,"11,350"
187,Sesame Workshop,0.07580559440559441,Medium,"$14,700 ARR, SMB; no engagement on record; no rep contact in 255 days",No engagement signals found,0.2526853146853147,0.0,1.0,14700.0,SMB,Education,Europe,Rep C,Sesame Workshop,"14,700"
188,Community Solutions,0.07505875332687109,High,"$24,100 ARR, SMB; strongest signal: email open ×20 67 days before data cutoff; last contacted 118 days ago",,0.32925874125874127,0.044708799847361945,0.6555555555555556,24100.0,SMB,Community Development,North America,Rep D,Community Solutions,"24,100"
189,World Vision International,0.0748183916083916,Medium,"$25,150 ARR, Mid-Market; no engagement on record; last contacted 93 days ago",No engagement signals found,0.48269930069930067,0.0,0.5166666666666667,25150.0,Mid-Market,Religious,North America,Rep C,World Vision International,"25,150"
190,Orbis International,0.07384904763467229,High,"$3,400 ARR, SMB; strongest signal: content download ×11 24 days before data cutoff; last contacted 158 days ago",,0.13625174825174827,0.3981015298333775,0.8777777777777778,3400.0,SMB,Healthcare,North America,Rep D,Orbis International,"3,400"
191,Brookings Institution,0.07360615384615386,Medium,"$16,300 ARR, SMB; no engagement on record; last contacted 162 days ago",No engagement signals found,0.27261538461538465,0.0,0.9,16300.0,SMB,Research,Europe,Rep A,Brookings Institution,"16,300"
192,Code.org,0.07280817168369912,High,"$9,150 ARR, SMB; strongest signal: content download ×9 65 days before data cutoff; no rep contact in 189 days",,0.1824055944055944,0.1416505219822209,1.0,9150.0,SMB,Education,Africa,Rep C,Code.org,"9,150"
193,Relief International,0.07171468531468532,Medium,"$12,650 ARR, SMB; no engagement on record; no rep contact in 489 days",No engagement signals found,0.23904895104895107,0.0,1.0,12650.0,SMB,International Aid,Africa,Rep D,Relief International,"12,650"
194,Action Against Hunger,0.07094748940204951,High,"$9,150 ARR, SMB; strongest signal: email open ×12 this week",,0.1824055944055944,0.4413636703667865,0.26666666666666666,9150.0,SMB,Human Services,South America,Rep A,Action Against Hunger,"9,150"
195,American Humane,0.06857962215534438,High,"$27,100 ARR, Mid-Market; strongest signal: email open ×9 82 days before data cutoff",,0.5792027972027971,0.0239097218416735,0.3388888888888889,27100.0,Mid-Market,Animal Welfare,Africa,Rep A,American Humane,"27,100"
196,DataKind,0.06820324125913348,High,"$0 ARR, SMB; strongest signal: demo request ×2 35 days before data cutoff; no rep contact in 830 days",,0.10793006993006994,0.47417237454007716,1.0,0.0,SMB,,North America,Rep C,DataKind,0
197,Samaritan's Purse,0.06730909090909092,Medium,"$10,850 ARR, SMB; no engagement on record; no rep contact in 953 days",No engagement signals found,0.22436363636363638,0.0,1.0,10850.0,SMB,Religious,Asia Pacific,Rep C,Samaritan's Purse,"10,850"
198,International Refugee Assistance Project,0.06681885709574732,High,"$0 ARR, SMB; strongest signal: page visit ×21 8 days before data cutoff; last contacted 90 days ago",,0.10793006993006994,0.6701342643043992,0.5,0.0,SMB,International Aid,North America,Rep D,International Refugee Assistance Project,0
199,QuestBridge,0.06621641025641026,Medium,"top 30% by revenue ($69,900); no engagement on record",No engagement signals found,0.8636923076923078,0.0,0.25555555555555554,69900.0,Strategic,Education,North America,Rep B,QuestBridge,"69,900"
200,World Resources Institute,0.06617614728872576,High,"$6,000 ARR, SMB; strongest signal: content download ×11 34 days before data cutoff",Merged from duplicate CRM records,0.151986013986014,0.5577277907089473,0.15,6000.0,SMB,Environment,Europe,Rep D,WRI | World Resources Institute,"4,650 | 6,000"
201,American Jewish World Service,0.06600562520819733,High,"$5,900 ARR, SMB; strongest signal: email open ×6 9 days before data cutoff; no rep contact in 451 days",,0.14883916083916085,0.20495639949339675,1.0,5900.0,SMB,Religious,Asia Pacific,Rep C,American Jewish World Service,"5,900"
202,Crisis Text Line,0.06492875703159402,High,"$3,650 ARR, SMB; strongest signal: webinar attendance ×4 36 days before data cutoff; no rep contact in 588 days",,0.13834965034965035,0.24187021659045868,1.0,3650.0,SMB,,Europe,Rep B,Crisis Text Line,"3,650"
203,Catholic Charities USA,0.0644581077201102,High,"$0 ARR, SMB; strongest signal: webinar attendance ×5 20 days before data cutoff; no rep contact in 866 days",,0.10793006993006994,0.4246014739235971,1.0,0.0,SMB,Human Services,North America,Rep A,Catholic Charities USA,0
204,Episcopal Relief & Development,0.06443152745698041,High,"$7,250 ARR, SMB; strongest signal: webinar attendance ×3 55 days before data cutoff; no rep contact in 545 days",,0.16352447552447552,0.1343109101674038,1.0,7250.0,SMB,,Europe,Rep B,Episcopal Relief & Development,"7,250"
205,Rebuilding Together,0.06429809577248727,Medium,"$26,850 ARR, SMB; strongest signal: webinar attendance ×2 75 days before data cutoff",ARR missing — imputed median,0.3890489510489511,0.0670522914764099,0.39444444444444443,26850.0,SMB,Community Development,Africa,Rep C,Rebuilding Together,
206,Pratham Education Foundation,0.06402124654998025,High,"$23,700 ARR, SMB; strongest signal: page visit ×25 78 days before data cutoff",,0.32506293706293704,0.0742147300037855,0.48333333333333334,23700.0,SMB,Education,North America,Rep D,Pratham Education Foundation,"23,700"
207,J. Paul Getty Trust,0.06197900915447008,Medium,"$26,850 ARR, Mid-Market; strongest signal: page visit ×6 180 days before data cutoff",ARR missing — imputed median,0.5330489510489511,0.004199010506774088,0.37777777777777777,26850.0,Mid-Market,Arts & Culture,North America,Rep C,J. Paul Getty Trust,
208,National Multiple Sclerosis Society,0.061618052268849414,High,"$0 ARR, SMB; strongest signal: page visit ×31 8 days before data cutoff; last contacted 158 days ago",,0.10793006993006994,0.4393912149224162,0.8777777777777778,0.0,SMB,Healthcare,South America,Rep C,National Multiple Sclerosis Society,0
209,charity: water,0.061331417782310486,Medium,"$26,850 ARR, SMB; strongest signal: page visit ×27 172 days before data cutoff",ARR missing — imputed median,0.3890489510489511,0.013301631484439906,0.49444444444444446,26850.0,SMB,Human Services,North America,Rep A,charity: water,
210,Project HOPE,0.06133006993006993,Medium,"$9,750 ARR, SMB; no engagement on record; no rep contact in 883 days",No engagement signals found,0.20443356643356644,0.0,1.0,9750.0,SMB,Healthcare,North America,Rep B,Project HOPE,"9,750"
211,Habitat for Humanity International,0.060929394319172075,High,"$25,150 ARR, SMB; strongest signal: email open ×40 14 days before data cutoff",Merged from duplicate CRM records,0.3386993006993007,0.18556042059124958,0.16666666666666666,25150.0,SMB,Human Services,North America,Rep C,Habitat for Humanity | Habitat for Humanity International,"20,950 | 25,150"
212,The Posse Foundation,0.06011568272268911,High,"$20,050 ARR, SMB; strongest signal: page visit ×22 77 days before data cutoff; last contact unknown",Last contact date missing — neglect set to neutral,0.29883916083916084,0.07309143704058134,0.5,20050.0,SMB,Education,North America,Rep C,The Posse Foundation,"20,050"
213,Code for America,0.05998129748787601,High,"$9,750 ARR, SMB; strongest signal: page visit ×14 12 days before data cutoff",,0.20443356643356644,0.2834319892085668,0.31666666666666665,9750.0,SMB,,North America,Rep D,Code for America,"9,750"
214,Baptist World Aid Australia,0.059922377622377614,Medium,"$16,050 ARR, SMB; no engagement on record; last contacted 135 days ago",No engagement signals found,0.2663216783216783,0.0,0.75,16050.0,SMB,Religious,Europe,Rep D,Baptist World Aid Australia,"16,050"
215,Human Rights Watch,0.05964252356833559,Medium,"$26,850 ARR, SMB; strongest signal: email open ×5 30 days before data cutoff",ARR missing — imputed median,0.3890489510489511,0.06186198753773357,0.36666666666666664,26850.0,SMB,,South America,Rep A,Human Rights Watch,
216,The Metropolitan Museum of Art,0.05872215842792513,High,"$1,250 ARR, SMB; strongest signal: demo request ×3 36 days before data cutoff",,0.12786013986013986,0.5156219324098062,0.3277777777777778,1250.0,SMB,Arts & Culture,North America,Rep C,The Metropolitan Museum of Art,"1,250"
217,DonorsChoose,0.0584979020979021,Medium,"$9,550 ARR, SMB; no engagement on record; no rep contact in 478 days",No engagement signals found,0.194993006993007,0.0,1.0,9550.0,SMB,Education,North America,Rep D,DonorsChoose,"9,550"
218,The New York Community Trust,0.057880839160839144,Medium,"top 30% by revenue ($48,000); no engagement on record",No engagement signals found,0.6809510489510489,0.0,0.2833333333333333,48000.0,Mid-Market,Community Development,North America,Rep A,The New York Community Trust,"48,000"
219,Rotary International,0.05783091964724351,High,"$1,850 ARR, SMB; strongest signal: page visit ×33 37 days before data cutoff; no rep contact in 844 days",,0.12995804195804198,0.2071383609215163,1.0,1850.0,SMB,Community Development,North America,Rep A,Rotary International,"1,850"
220,NetHope,0.057756495736192015,High,"$6,000 ARR, SMB; strongest signal: page visit ×6 37 days before data cutoff; no rep contact in 646 days",,0.151986013986014,0.11430273109121047,1.0,6000.0,SMB,Community Development,Europe,Rep A,NetHope,"6,000"
221,World Relief,0.05724759395471023,High,"$14,050 ARR, SMB; strongest signal: email open ×34 22 days before data cutoff",,0.24744055944055943,0.26860805807535676,0.14444444444444443,14050.0,SMB,Religious,North America,Rep B,World Relief,"14,050"
222,Operation Smile,0.0564123342488349,High,"$10,200 ARR, SMB; strongest signal: email open ×36 36 days before data cutoff",,0.21282517482517482,0.19532980646254305,0.42777777777777776,10200.0,SMB,Healthcare,South America,Rep A,Operation Smile,"10,200"
223,Conservation International,0.05629510489510489,Medium,"$9,200 ARR, SMB; no engagement on record; no rep contact in 439 days",No engagement signals found,0.18765034965034966,0.0,1.0,9200.0,SMB,Environment,South America,Rep D,Conservation International,"9,200"
224,BUILD,0.05472167832167832,Medium,"$9,150 ARR, SMB; no engagement on record; no rep contact in 192 days",No engagement signals found,0.1824055944055944,0.0,1.0,9150.0,SMB,Education,South America,Rep B,BUILD,"9,150"
225,International Justice Mission,0.05346293706293707,Medium,"$8,700 ARR, SMB; no engagement on record; no rep contact in 370 days",No engagement signals found,0.17820979020979022,0.0,1.0,8700.0,SMB,,Europe,Rep A,International Justice Mission,"8,700"
226,StoryCorps,0.05283356643356643,Medium,"$8,500 ARR, SMB; no engagement on record; no rep contact in 268 days",No engagement signals found,0.1761118881118881,0.0,1.0,8500.0,SMB,Arts & Culture,Europe,Rep D,StoryCorps,"8,500"
227,Local Initiatives Support Corporation,0.05171916935148791,High,"$6,250 ARR, SMB; strongest signal: webinar attendance ×8 29 days before data cutoff",,0.15513286713286714,0.38817087501477504,0.20555555555555555,6250.0,SMB,Community Development,North America,Rep C,Local Initiatives Support Corporation,"6,250"
228,Rocky Mountain Institute,0.05099238708599602,High,"$7,200 ARR, SMB; strongest signal: page visit ×19 63 days before data cutoff; last contacted 149 days ago",,0.16142657342657343,0.09650374326254209,0.8277777777777777,7200.0,SMB,,Europe,Rep D,Rocky Mountain Institute,"7,200"
229,Poets & Writers,0.05094733682931076,High,"$16,250 ARR, SMB; strongest signal: page visit ×9 15 days before data cutoff",,0.26946853146853145,0.224856187606422,0.10555555555555556,16250.0,SMB,Arts & Culture,North America,Rep B,Poets & Writers,"16,250"
230,Equal Justice Initiative,0.04983961525049611,High,"$18,350 ARR, SMB; strongest signal: demo request ×2 125 days before data cutoff",,0.2831048951048951,0.046733041418630154,0.4777777777777778,18350.0,SMB,,North America,Rep D,Equal Justice Initiative,"18,350"
231,Mental Health America,0.04978321449089843,High,"$30,650 ARR, Mid-Market; strongest signal: page visit ×28 87 days before data cutoff",,0.6075244755244755,0.06230149055684965,0.12777777777777777,30650.0,Mid-Market,Healthcare,North America,Rep C,Mental Health America,"30,650"
232,Grameen Foundation,0.049446837534330046,High,"$11,200 ARR, SMB; strongest signal: content download ×3 72 days before data cutoff; last contact unknown",Last contact date missing — neglect set to neutral,0.22960839160839164,0.09336131394326423,0.5,11200.0,SMB,,North America,Rep C,Grameen Foundation,"11,200"
233,Gary Sinise Foundation,0.04935880678943988,High,"$2,300 ARR, SMB; strongest signal: page visit ×26 11 days before data cutoff",,0.13205594405594406,0.4220551566120401,0.2611111111111111,2300.0,SMB,,Asia Pacific,Rep B,Gary Sinise Foundation,"2,300"
234,Lions Clubs International,0.04919891209442452,High,"$4,800 ARR, SMB; strongest signal: email open ×23 53 days before data cutoff; no rep contact in 194 days",,0.14254545454545456,0.06449347033406493,1.0,4800.0,SMB,Community Development,North America,Rep B,Lions Clubs International,"4,800"
235,Refugees International,0.0466855710955711,Medium,"$29,050 ARR, Mid-Market; no engagement on record",No engagement signals found,0.595986013986014,0.0,0.2611111111111111,29050.0,Mid-Market,International Aid,North America,Rep C,Refugees International,"29,050"
236,Worldreader,0.04639356579806526,High,"$28,950 ARR, Mid-Market; strongest signal: email open ×14 78 days before data cutoff",,0.5928391608391608,0.03084273473270736,0.18888888888888888,28950.0,Mid-Market,Education,Middle East,Rep D,Worldreader,"28,950"
237,Best Friends Animal Society,0.045927272727272726,Medium,"$21,350 ARR, SMB; no engagement on record; last contact unknown",Last contact date missing — neglect set to neutral; No engagement signals found,0.30618181818181817,0.0,0.5,21350.0,SMB,Animal Welfare,North America,Rep C,Best Friends Animal Society,"21,350"
238,Community Foundation for Greater Atlanta,0.04521678321678321,Medium,"top 10% by revenue ($93,350); no engagement on record",No engagement signals found,0.9043356643356644,0.0,0.16666666666666666,93350.0,Enterprise,Community Development,North America,Rep A,Community Foundation for Greater Atlanta,"93,350"
239,Partners In Health,0.04493329111584332,High,"$0 ARR, Strategic; strongest signal: webinar attendance ×3 89 days before data cutoff",,0.37593006993006994,0.06122713862917223,0.25555555555555554,0.0,Strategic,Healthcare,North America,Rep A,Partners In Health,0
240,Urban Institute,0.044825874125874125,Medium,"$20,050 ARR, SMB; no engagement on record; last contact unknown",Last contact date missing — neglect set to neutral; No engagement signals found,0.29883916083916084,0.0,0.5,20050.0,SMB,Research,Africa,Rep A,Urban Institute,"20,050"
241,Fisher House Foundation,0.04432270396270395,Medium,"top 30% by revenue ($54,300); no engagement on record",No engagement signals found,0.6998321678321677,0.0,0.2111111111111111,54300.0,Mid-Market,,North America,Rep B,Fisher House Foundation,"54,300"
242,Islamic Relief USA,0.04381582598985277,High,"$9,650 ARR, SMB; strongest signal: email open ×32 8 days before data cutoff",,0.20023776223776224,0.20069380306540077,0.2611111111111111,9650.0,SMB,Religious,South America,Rep C,Islamic Relief USA,"9,650"
243,Independent Sector,0.04114524469889654,High,"$8,200 ARR, SMB; strongest signal: page visit ×19 15 days before data cutoff",,0.17401398601398602,0.2925446447866025,0.10555555555555556,8200.0,SMB,Community Development,North America,Rep D,Independent Sector,"8,200"
244,Brennan Center for Justice,0.040956409491186334,High,"$12,400 ARR, SMB; strongest signal: email open ×35 17 days before data cutoff",,0.23590209790209793,0.16707066308287152,0.18888888888888888,12400.0,SMB,,Asia Pacific,Rep A,Brennan Center for Justice,"12,400"
245,Mennonite Central Committee,0.040246153846153855,Medium,"$2,600 ARR, SMB; no engagement on record; no rep contact in 1036 days",No engagement signals found,0.13415384615384618,0.0,1.0,2600.0,SMB,Religious,Africa,Rep B,Mennonite Central Committee,"2,600"
246,Muslim Aid,0.03963088353618331,High,"$0 ARR, SMB; strongest signal: webinar attendance ×4 76 days before data cutoff; no rep contact in 524 days",,0.10793006993006994,0.09598625906386761,1.0,0.0,SMB,Religious,Asia Pacific,Rep B,Muslim Aid,0
247,People for the Ethical Treatment of Animals,0.03914448826044484,High,"$10,550 ARR, SMB; strongest signal: webinar attendance ×1 56 days before data cutoff",Merged from duplicate CRM records,0.2201678321678322,0.0754197969600709,0.4166666666666667,10550.0,SMB,Animal Welfare,North America,Rep B,PETA | People for the Ethical Treatment of Animals,"8,000 | 10,550"
248,Woods Hole Oceanographic Institution,0.03868759362473972,High,"$4,000 ARR, SMB; strongest signal: email open ×7 22 days before data cutoff; last contacted 129 days ago",,0.14044755244755244,0.08637052154791162,0.7166666666666667,4000.0,SMB,Research,Asia Pacific,Rep C,Woods Hole Oceanographic Institution,"4,000"
249,Wildlife Conservation Society,0.038374825174825176,Medium,"$14,850 ARR, SMB; no engagement on record; last contact unknown",Last contact date missing — neglect set to neutral; No engagement signals found,0.25583216783216783,0.0,0.5,14850.0,SMB,Environment,North America,Rep A,Wildlife Conservation Society,"14,850"
250,Kiva,0.03778951048951048,Medium,"$0 ARR, Mid-Market; no engagement on record; last contact unknown",Last contact date missing — neglect set to neutral; Last contact date was in the future — treated as missing; No engagement signals found,0.2519300699300699,0.0,0.5,0.0,Mid-Market,Human Services,North America,Rep A,Kiva,0
251,Médecins du Monde,0.036248946515582525,High,"$0 ARR, SMB; strongest signal: email open ×16 58 days before data cutoff; no rep contact in 236 days",,0.10793006993006994,0.05122265792853451,1.0,0.0,SMB,International Aid,North America,Rep B,Médecins du Monde,0
252,Concern Worldwide,0.03610997668997669,Medium,"$0 ARR, Mid-Market; no engagement on record",No engagement signals found,0.2519300699300699,0.0,0.4777777777777778,0.0,Mid-Market,International Aid,Europe,Rep B,Concern Worldwide,0
253,The Trevor Project,0.03591041144438811,High,"$36,300 ARR, untiered; strongest signal: email open ×31 176 days before data cutoff",Account tier missing or TBD — default weight applied,0.5617482517482517,0.007989759561111032,0.19444444444444445,36300.0,,Healthcare,South America,Rep B,The Trevor Project,"36,300"
254,National Center for Missing & Exploited Children,0.03481071185194737,High,"$9,600 ARR, SMB; strongest signal: email open ×20 74 days before data cutoff; last contacted 90 days ago",,0.1970909090909091,0.03803230783567544,0.5,9600.0,SMB,,North America,Rep D,National Center for Missing & Exploited Children,"9,600"
255,+1-202-555-0147,0.03436792540792541,Medium,"$24,850 ARR, Mid-Market; no engagement on record",No engagement signals found,0.4795524475524475,0.0,0.2388888888888889,24850.0,Mid-Market,Community Development,South America,Rep D,+1-202-555-0147,"24,850"
256,World Animal Protection,0.03425268065268065,Medium,"$19,600 ARR, SMB; no engagement on record",No engagement signals found,0.2935944055944056,0.0,0.3888888888888889,19600.0,SMB,,South America,Rep D,World Animal Protection,"19,600"
257,International Medical Corps,0.032710489510489514,Medium,"$10,450 ARR, SMB; no engagement on record; last contact unknown",Last contact date missing — neglect set to neutral; No engagement signals found,0.21806993006993008,0.0,0.5,10450.0,SMB,International Aid,South America,Rep D,International Medical Corps,"10,450"
258,National Alliance on Mental Illness,0.03192873564763274,High,"$13,050 ARR, SMB; strongest signal: content download ×9 89 days before data cutoff",Merged from duplicate CRM records,0.24324475524475525,0.1398977580391976,0.1111111111111111,13050.0,SMB,Healthcare,Middle East,Rep B,NAMI | National Alliance on Mental Illness,"9,750 | 13,050"
259,Linux Foundation,0.030884662004662004,Medium,"$37,100 ARR, Mid-Market; no engagement on record",No engagement signals found,0.638993006993007,0.0,0.16111111111111112,37100.0,Mid-Market,,North America,Rep A,Linux Foundation,"37,100"
260,Best Buddies International,0.03088128255825293,High,"$0 ARR, SMB; strongest signal: page visit ×21 26 days before data cutoff",,0.10793006993006994,0.2849377138133652,0.28888888888888886,0.0,SMB,Human Services,North America,Rep D,Best Buddies International,0
261,Internet Society,0.03071142191142191,Medium,"$22,200 ARR, Mid-Market; no engagement on record",No engagement signals found,0.46067132867132865,0.0,0.2222222222222222,22200.0,Mid-Market,,North America,Rep D,Internet Society,"22,200"
262,Norwegian Refugee Council,0.03063403263403263,Medium,"top 10% by revenue ($96,400); no engagement on record",No engagement signals found,0.9190209790209789,0.0,0.1111111111111111,96400.0,Enterprise,International Aid,Asia Pacific,Rep A,Norwegian Refugee Council,"96,400"
263,Polaris,0.029517911724324546,High,"$5,300 ARR, SMB; strongest signal: content download ×5 57 days before data cutoff",,0.14674125874125876,0.13260407316538744,0.3611111111111111,5300.0,SMB,,Middle East,Rep C,Polaris,"5,300"
264,Earthjustice,0.029420232158024275,High,"$0 ARR, SMB; strongest signal: page visit ×6 50 days before data cutoff; last contacted 128 days ago",,0.10793006993006994,0.08464674761943061,0.7111111111111111,0.0,SMB,Environment,Europe,Rep D,Earthjustice,0
265,Danish Refugee Council,0.02463664335664336,Medium,"$31,850 ARR, Mid-Market; no engagement on record",No engagement signals found,0.615916083916084,0.0,0.13333333333333333,31850.0,Mid-Market,International Aid,South America,Rep B,Danish Refugee Council,"31,850"
266,Trust for Public Land,0.023991351981351983,Low,"$26,850 ARR, SMB; no engagement on record",ARR missing — imputed median; No engagement signals found,0.3890489510489511,0.0,0.20555555555555555,26850.0,SMB,,Africa,Rep D,Trust for Public Land,
267,Wounded Warrior Project,0.023899300699300702,Medium,"$6,700 ARR, SMB; no engagement on record; last contact unknown",Last contact date missing — neglect set to neutral; No engagement signals found,0.15932867132867135,0.0,0.5,6700.0,SMB,,North America,Rep D,Wounded Warrior Project,"6,700"
268,Muscular Dystrophy Association,0.02314582750582751,Medium,"$22,900 ARR, SMB; no engagement on record",No engagement signals found,0.322965034965035,0.0,0.2388888888888889,22900.0,SMB,Healthcare,North America,Rep D,Muscular Dystrophy Association,"22,900"
269,Food for the Hungry,0.022908951048951045,Medium,"$12,850 ARR, SMB; no engagement on record",No engagement signals found,0.24114685314685314,0.0,0.31666666666666665,12850.0,SMB,Religious,North America,Rep A,Food for the Hungry,"12,850"
270,Scripps Research,0.021696503496503497,Medium,"$5,150 ARR, SMB; no engagement on record; last contact unknown",Last contact date missing — neglect set to neutral; No engagement signals found,0.14464335664335665,0.0,0.5,5150.0,SMB,Research,Europe,Rep C,Scripps Research,"5,150"
271,John F. Kennedy Center for the Performing Arts,0.018656713286713287,Low,"$26,850 ARR, Mid-Market; no engagement on record",ARR missing — imputed median; No engagement signals found,0.5330489510489511,0.0,0.11666666666666667,26850.0,Mid-Market,Arts & Culture,Europe,Rep D,John F. Kennedy Center for the Performing Arts,
272,Council on Foundations,0.016189510489510492,Medium,"$0 ARR, SMB; no engagement on record; last contact unknown",Last contact date missing — neglect set to neutral; No engagement signals found,0.10793006993006994,0.0,0.5,0.0,SMB,Community Development,North America,Rep D,Council on Foundations,0
273,826 National,0.016081417160708267,High,"$13,550 ARR, SMB; strongest signal: webinar attendance ×5 139 days before data cutoff",,0.24534265734265737,0.029352519422010937,0.15,13550.0,SMB,Education,South America,Rep A,826 National,"13,550"
274,Wikimedia Foundation,0.014931095571095572,Medium,"$17,350 ARR, SMB; no engagement on record",No engagement signals found,0.27995804195804197,0.0,0.17777777777777778,17350.0,SMB,,North America,Rep C,Wikimedia Foundation,"17,350"
275,National Trust for Historic Preservation,0.013983993654035753,High,"$0 ARR, SMB; strongest signal: page visit ×9 85 days before data cutoff",,0.10793006993006994,0.04461711859349913,0.3277777777777778,0.0,SMB,Arts & Culture,North America,Rep C,National Trust for Historic Preservation,0
276,Susan G. Komen,0.013482933509586351,High,"$0 ARR, SMB; strongest signal: content download ×10 77 days before data cutoff",,0.10793006993006994,0.111794568442355,0.15555555555555556,0.0,SMB,Healthcare,Europe,Rep C,Susan G. Komen,0
277,Room to Read,0.013477886472268356,High,"$8,150 ARR, SMB; strongest signal: email open ×40 75 days before data cutoff",,0.17191608391608393,0.04533055368189771,0.15555555555555556,8150.0,SMB,Education,Europe,Rep D,Room to Read,"8,150"
278,CARE,0.01342081514203287,High,"$0 ARR, SMB; strongest signal: page visit ×16 70 days before data cutoff",,0.10793006993006994,0.07763903120297494,0.23333333333333334,0.0,SMB,Human Services,Europe,Rep D,CARE,0
279,Arbor Day Foundation,0.011895198135198133,Medium,"$9,500 ARR, SMB; no engagement on record",No engagement signals found,0.1928951048951049,0.0,0.20555555555555555,9500.0,SMB,,Europe,Rep D,Arbor Day Foundation,"9,500"
280,Special Olympics,0.011887272727272725,Medium,"$7,850 ARR, SMB; no engagement on record",No engagement signals found,0.1698181818181818,0.0,0.23333333333333334,7850.0,SMB,Human Services,North America,Rep D,Special Olympics,"7,850"
281,Meals on Wheels America,0.009526352799139711,High,"$10,200 ARR, SMB; strongest signal: email open ×36 208 days before data cutoff",,0.21282517482517482,0.0020400953637525797,0.14444444444444443,10200.0,SMB,Human Services,North America,Rep D,Meals on Wheels America,"10,200"
282,Winrock International,0.009109230769230769,Medium,"$7,450 ARR, SMB; no engagement on record",No engagement signals found,0.16562237762237764,0.0,0.18333333333333332,7450.0,SMB,International Aid,North America,Rep A,Winrock International,"7,450"
283,Art Institute of Chicago,0.00829248028017307,High,"$0 ARR, SMB; strongest signal: email open ×40 88 days before data cutoff",,0.10793006993006994,0.033569486051026706,0.17777777777777778,0.0,SMB,Arts & Culture,Asia Pacific,Rep A,Art Institute of Chicago,0
284,MAP International,0.007760649550251713,High,"$7,650 ARR, SMB; strongest signal: demo request ×1 205 days before data cutoff",,0.16772027972027972,0.004197215942731369,0.14444444444444443,7650.0,SMB,Religious,Asia Pacific,Rep B,MAP International,"7,650"
285,Covenant House International,0.007555104895104895,Medium,"$0 ARR, SMB; no engagement on record",No engagement signals found,0.10793006993006994,0.0,0.23333333333333334,0.0,SMB,Human Services,North America,Rep C,Covenant House International,0
286,American Heart Association,0.004856853146853147,Medium,"$0 ARR, SMB; no engagement on record",No engagement signals found,0.10793006993006994,0.0,0.15,0.0,SMB,,Asia Pacific,Rep B,American Heart Association,0
